,brand
0,California Gold Nutrition
1,Now Foods
2,Nature's Way
3,Life Extension
4,Sundown Naturals Kids
5,Solaray
6,Nature's Plus
7,Sports Research
8,21st Century
9,BioSchwartz
10,Garden of Life
11,Lake Avenue Nutrition
12,Solgar
13,Jarrow Formulas
14,Yum-Vs
15,NB Pure
16,NATURELO
17,Muscletech
18,Doctor's Best
19,Sundown Naturals
20,Natural Factors
21,Super Nutrition
22,Fairhaven Health
23,MRM
24,Nature's Bounty
25,MegaFood
26,SmartyPants
27,Mason Natural
28,Dr. Mercola
29,Thorne Research
30,American Health
31,Nutra BioGenesis
32,Thompson
33,NutriBiotic
34,Gummiology
35,Gerber
36,Aurora Nutrascience
37,GummiKing
38,Flintstones
39,Country Life
40,Carlson Labs
41,Rainbow Light
42,Bluebonnet Nutrition
43,Ddrops
44,Gaspari Nutrition
45,Nutrex Hawaii
46,T-RQ
47,Lipo Naturals
48,Natrol
49,KAL
50,GNC
51,Deva
52,Nordic Naturals
53,Чайлдлайф
54,CodeAge
55,Source Naturals
56,Vitables
57,Terry Naturally
58,Ultamins
59,Zenwise Health
60,Superior Source
61,One-A-Day
62,Irwin Naturals
63,Nutricology
64,Mommy's Bliss
65,Enzymedica
66,GummYum!
67,Nutrabio Labs
68,Ecological Formulas
69,Nature Made
70,Pure Synergy
71,Olympian Labs Inc.
72,A.C. Grace Company
73,Emergen-C
74,DaVinci Laboratories of Vermont
75,Solumeve
76,Universal Nutrition
77,VitaFusion
78,Ener-C
79,AirBorne
80,Kirkman Labs
81,Culturelle
82,Pacifica
83,Advanced Orthomolecular Research AOR
84,New Chapter
85,Controlled Labs
86,Christopher's Original Formulas
87,Zahler
88,EVLution Nutrition
89,BioGaia
90,Youtheory
91,Vital Nutrients
92,Swanson
93,UpSpring
94,Vplab
95,Innate Response Formulas
96,Swisse
97,Seeking Health
98,Zarbees
99,Trace Minerals Research
100,Metabolic Maintenance
101,"Bio Tech Pharmacal, Inc"
102,FutureBiotics
103,Nuun
104,MaryRuth Organics
105,Barlean's
106,VegLife
107,Pure Essence
108,Terra Origin
109,KOS
110,Vital Proteins
111,Vibrant Health
112,Nature's Answer
113,Sufficient C
114,Force Factor
115,Catalo Naturals
116,Chapter One
117,Zipfizz
118,NutraMedix
119,Protocol for Life Balance
120,Allergy Research Group
121,Dr. Sinatra
122,Nature's Truth
123,New Nordic US Inc
124,Sunfood
125,Ora
126,Vital Earth Minerals
127,Premier Research Labs
128,Kaged Muscle
129,PlantFusion
130,Fruily
131,Nu U Nutrition
132,Genexa LLC
133,ALLMAX Nutrition
134,Nature's Life
135,Emerald Laboratories
136,Premama
137,HealthForce Superfoods
138,Dr. Axe / Ancient Nutrition
139,Puori
140,LifeSeasons
141,Econugenics
142,Amazing Nutrition
143,Little DaVinci
144,MAV Nutrition
145,Jigsaw Health
146,iWi
147,Lily of the Desert
148,BPI Sports
149,Vitaburst
150,Hero Nutritional Products
151,ENADA
152,L'il Critters
153,Optimum Nutrition
154,SunLipid
155,Nature's One
156,Viteyes
157,Pioneer Nutritional Formulas
158,PureMark Naturals
159,1Kvit-C
160,Buried Treasure
161,Natural Dynamix (NDX)
162,JYM Supplement Science
163,Zhou Nutrition
164,Havasu Nutrition
165,YumEarth
166,Childlife Clinicals
167,Amazing Nutrition
168,American Biotech Labs
169,Enzymatic Therapy
170,Amazing Nutrition
171,Zand
172,Sundown Organics
173,Quality of Life Labs
174,Whitaker Nutrition
175,Naturally Vitamins
176,Flora
177,Dr. Tobias
178,Eu Natural
179,"All One, Nutritech"
180,Arthur Andrew Medical
181,Jigsaw Health
182,Life Enhancement
183,NatureWise
184,JoySpring
185,Jigsaw Health
186,Purity Products
187,Amazing Nutrition
188,Amazing Nutrition
189,Ageless Foundation Laboratories
190,Optimox Corporation
191,Dynamic Health
192,LoveBug Probiotics
193,Amazing Nutrition
194,Michael's Naturopathic
195,InnovixLabs
