,category
0,Пищевые добавки
1,Витамины
2,Витамин С
3,Аскорбиновая кислота
4,Микроэлементы
5,Селен
6,Витамин D
7,D3 (холекальциферол)
8,Витамин К
9,Женское здоровье
10,Женские мультивитамины
11,Мультивитамины
12,Товары для детей
13,Здоровье детей
14,Детские мультивитамины
15,Сезонные чувствительные к жаре товары
16,Витамин Е
17,Витамин C для детей
18,Витамин D для детей
19,Витамин B
20,B12
21,Питание для физической активности
22,Добавки для физической активности
23,Комплекс витаминов группы B
24,Гидратация и электролиты
25,B3 Ниацин
26,Quali-C
27,Витамин А
28,Здоровье мужчины
29,Мужские мультивитамины
30,Мультивитамины физическая активность
31,Фолиевая кислота
32,Йод
33,Инозитол
34,NAD+
35,Никотинамидмононуклеотид (NMN)
36,ДГК и омега для детей
37,Аскорбат натрия
38,Липосомальный витамин С
39,Пренатальные витамины
40,Эстер-С
41,B6 Пиридоксин
42,Мультивитамины для пожилых
43,Состояния здоровья
44,Иммунная система
45,Иммунные Формулы
46,Препараты для беременных и родивших женщин
47,Зелень и суперфуды
48,Водоросли
49,Спирулина
50,Антиоксиданты
51,Ресвератрол
52,Никотинамид рибозид
53,Кальций
54,Рыбий жир и омега (ЭПК и ДГК)
55,Масло печени трески
56,Витамины А и D
57,Железо
58,Магний
59,Men's Formulas
60,Цинк
61,Сердце
62,Поддержка сердца
63,D2 (эргокальциферол)
64,Травы и натуральные средства
65,Травы
66,Астрагал
67,Кровеносная система
68,Формула поддержки крови
69,Рыбий жир омега-3
70,Антиоксидантные формулы
71,Средства для душа и ухода
72,Уход за телом
73,Масла для тела и массажа
74,Витамин E для ванны
75,Система пищеварения
76,Клетчатка
77,Волокнистые смеси
78,Кверцетин
79,Эхинацея
80,NADH
81,Энергия
82,Энергетики
83,Деятельность мозга
84,Препараты для памяти и когнитивных функций
85,Бетаин HCL (триметилглицин)
86,Кости суставы и хрящи
87,Формулы для Костей
88,IP6
89,Коллаген добавки
90,Органы дыхания
91,Дыхательная система и легкие
92,Пробиотики для детей
93,Протеин
94,Растительный белок
95,Растительные смеси
96,Клюква
97,Бузина (Sambucus)
98,Пробиотики
99,Лактобациллы
100,Формулы для спокойствия
101,Глаза и зрение
102,Препараты для глаз
103,Мультиминеральные препараты
104,Шиповник
105,Волосы кожа и ногти
106,Препараты для волос кожи и ногтей
107,Омега-3 из водорослей
108,Бета-каротин
109,Аминокислоты
110,Кальций для детей
111,Лимонный бальзам (Мелисса)
112,Личная гигиена
113,Женские гормональные средства
114,Кальций и магний
115,Холин
116,Продукты питания
117,Шоколад и сладости
118,Леденцы
119,Средства от простуды ОРВИ и кашля для детей
120,Снижение веса
121,Диетические средства
122,Серебро
123,Здоровье надпочечников
124,Строители мышц
125,Биотин
126,Продукты пчеловодства
127,Мед манука
128,Средства для детоксикации и очищения
129,Дииндолилметан (DIM)
130,Детоксикация и очищение
